Institution ID,Institution Name,City,State/Province,Country
1,.Renmin University Of China,Beijing,Beijing,China
2,"121 Zhangjialukou, Huaxiang Fengtai District, Beijing,China",Beijing,Beijing,China
3,Academy Of Armored Forces Engineering,Beijing,Beijing,China
4,Air Force Engineering University,Xi'An,Shaanxi,China
5,Air Force Logistics College,Xuzhou,Jiangsu Province,China
6,Albion College,Albion,Mi,Usa
7,American Heritage School Plantation,Plantation,Fl,Usa
8,Amherst College,Amherst,Ma,Usa
9,Anhui Jianzhu University,Hefei,Anhui,China
10,Anhui Normal University,Wuhu,Anhui Province,China
11,Anhui University,Hefei,Anhui,China
12,Anhui University Of Science & Technology,Huainan,Anhui,China
13,Anhui University Of Finance And Economics,Bengbu,Anhui,China
14,Anhui University Of Technology,Ma'Anshan,,China
15,Anqing Normal University,Anqing,Anhui,China
16,Appalachian State University,Boone,Nc,Usa
17,Army Officer Academy,Hefei,Anhui,China
18,Asbury University,Wilmore,Ky,Usa
19,Austin Peay State University,Clarksville,Tn,Usa
20,Bnu-Hkbu United International College,Zhuhai,Guangdong,China
21,Bard College,Annandale-On-Hudson,Ny,Usa
22,Beijing University Of Post And Telecommunication,Beijing,Beijing,China
23,Beihai College Of Beihang University,Beihai,Guangxi,China
24,Beihang Univeristy,Beijing,Beijing,China
25,Beihua University,Jilin,Jilin,China
26,Beijing Forestry University,Beijing,Beijing,China
27,Beijing Information Science & Technology University,Beijing,Haidian,China
28,Beijing Institute Of Technology,Beijing,Beijing,China
29,"Beijing Institute Of Technology, Zhuhai",Zhuhai,Guangdong,China
30,Beijing Jiaotong University,Beijing,,China
31,Beijing Language And Culture University,Beijing,Beijing,China
32,Beijing National Day School,Beijing,,China
33,Beijing Normal University,Beijing,China,China
34,"Beijing Normal University, Zhuhai",Zhuhai,Guangdong,China
35,Beijing Technology And Business University,Beijing,,China
36,Beijing Union University,Beijing,Beijing,China
37,Beijing University Of Technology,Beijing,Beijing,China
38,Beijing University Of Aeronautics And Astronautics,Beijing,Beijing,China
39,Beijing University Of Chemical Technology,"Chaoyang District, Beijing",Beijing,China
40,Beijing University Of Post And Telecommunication,Beijing,Beijing,China
41,Beijing University Of Technology,Beijing,Beijing,China
42,Beijing University Of Techonolgy,Beijing,Beijing,China
43,Beijing Wuzi University,Beijing,Beijing,China
44,Beijing Normal University,Beijing,Beijing,China
45,Beijingâ Universityâ Ofâ Post And Telecommunication,Beijing,Beijing,China
46,Bejing University Of Chemical Technology,Chaoyang District,Beijing,China
47,Belhaven University,Jackson,Ms,Usa
48,Berlin School Of Economics And Law,Berlin,Berlin,Germany
49,Bethel University,Arden Hills,Mn,Usa
50,Binghamton University (Suny),Binghamton,Ny,Usa
51,Binjiang College Of Nanjing University Of Information Science & Tecnology,Nanjing,Jiangsu,China
52,Binzhou University,Binzhoou,Shandong,China
53,Bloomsburg University,Bloomsburg,Pa,Usa
54,Brown University,Providence,Ri,Usa
55,Bryn Athyn College,Bryn Athyn,Pa,Usa
56,Bucknell University,Lewisburg,Pa,Usa
57,Business College Of Shanxi University,Taiyuan,Shanxi,China
58,Business School Of The University Of International Business And Economics,Beijing,Beijing,China
59,Cal Poly Pomona,Pomona,Ca,Usa
60,California Polytechnic State University,San Luis Obispo,Ca,Usa
61,"California State University, Fullerton",Fullerton,Ca,Usa
62,Capital Medical University,Beijing,Beijing,China
63,Capital Normal University,Beijing,Beijing,China
64,Capital University Of Economics And Business,Beijing,Bei Jing,China
65,Carnegie Mellon University,Pittsburgh,Pa,Usa
66,Carroll College,Helena,Mt,Usa
67,Central China Normal University,Wuhan,Hubei,China
68,Central South University,Changsha,Hunan,China
69,Central University Of Finance And Ecomomics,Beijing,Asia,China
70,Central Washington University,Ellensburg,Wa,Usa
71,Centralâ Chinaâ Normalâ University,Wuhan,Hubei,China
72,Century College Of Beijing University Of Posts And Telecommunications,Beijing,Beijing,China
73,Chang'An University,Xi'An,Shaanxi,China
74,Changchun University Of Science And Technology,Changchun,Jinlin,China
75,Changchun University Of Science And Technology,Changchun,Jilin,China
76,Changchun Architecture &Civil Engineering College,Changchun,Jilin,China
77,Changsha University,Changsha,Hunan,China
78,Changsha University Of Science & Technology,Changsha,Hunan,China
79,Changsha University Of Science And Technology,Changsha,Hunan,China
80,Cheng Yi College Of Jimei University,Xiamen,Fujian,China
81,Chengdu College Of Univ. Of Elec. Sci. And Tech. Of China,Chengdu,Sichuan,China
82,Chengdu Shishi Cambridge A-Level Center,Chengdu,,China
83,Chengdu Technological University,Chengdu,Sichuan,China
84,Chengdu University Of Information Technology,Chengdu City,Si Chuan Province,China
85,Chengdu University Of Technology,Chengdu,Sichuan,China
86,China Agricultural University,Beijing,,China
87,China Jiangsu University,Zhenjiang,Jiangsu,China
88,China Jiliang University,Hangzhou,Zhejiang,China
89,China Pharmaceutical University,Nanjing City,Jiangsu,China
90,China Three Gorges University,Yichang,Hubei,China
91,China Univercity Of Geosciences，beijing,Beijing,Beijing,China
92,China University Of Geoscience (Wuhan),Wuhan,Hubei,China
93,China University Of Geosciences,Wuhan,Hubei,China
94,China University Of Geosciences (Beijing),Beijing,Beijing,China
95,China University Of Geosciences (Wuhan),Wuhan,Hubei,China
96,China University Of Geosciences Beijing,Beijing,Haidian District,China
97,China University Of Geosciences(Beijing),Beijing,Beijing,China
98,China University Of Geosciences(Wuhan),Wuhan,Hubei,China
99,"China University Of Geosciences, Beijing",Beijing,Beijing,China
100,"China University Of Geosciences,Beijing",Beijing,Beijing,China
101,China University Of Mining And Technology,Xuzhou,Jiangsu,China
102,China University Of Mining And Technology-Beijing,Beijing,,China
103,China University Of Petrolem(Beijing),Beijing,Beijing,China
104,China University Of Petroleum,Qingdao,Shandong,China
105,China University Of Petroleum (East China),Qingdao,Shandong,China
106,China University Of Petroleum(East China),Qingdao,Shandong Province,China
107,"China University Of Petroleum, Beijing",Beijing,,China
108,China University Of Political Science And Law,Beijing,Beijing,China
109,China University Of Political Science And Law,Beijing,,China
110,China Welfare Institute,Shanghai,Shanghai,China
111,China University Of Geosciences,Beijing,Beijing,China
112,Chong Qing University,Shapingba,Chongqing,China
113,Chongqing Jiaotong University,Chongqing,Nanping,China
114,Chongqing Normal University,Chongqing,Chongqing,China
115,Chongqing Technology And Business University,Chongqing,,China
116,Chongqing University,Chongqing,Chongqing,China
117,Chongqing University Of Posts And Telecommunications,Chongqing,Chongqing,China
118,Chongqing University Of Science & Technology,Chongqing,,China
119,Chongqing University Of Science &Technology,Chongqing,,China
120,Chongqing University Of Science And Technology,Chongqing,Chongqing,China
121,Chongqing University Of Technology,Chongqing,Chongqing,China
122,Chung Yuan Christian University,Chung Li,,Taiwan
123,"City College, Wuhan University Of Science And Technology",Wuhan,Hubei,China
124,City University Of Hong Kong,Kowloon,,Hong Kong
125,Civil Aviation University Of China,Tianjin,Tianjin,China
126,Clarkson University,Potsdam,Ny,Usa
127,Clemson University,Clemson,Sc,Usa
128,Coe College,Cedar Rapids,Ia,Usa
129,Colby College,Waterville,Me,Usa
130,Colgate University,Hamilton,Ny,Usa
131,College Of Applied Science.Jiang Xi University Of Science And Technology,Ganzhou,Jiang Xi,China
132,"College Of Biochemical Engineering,Beijing Union University",Beijing,Beijing,China
133,College Of Computer And Control Engineering,Tian Jin,,China
134,"College Of Electronic Information And Optical Engineering, Nankai University",Tianjin,,China
135,College Of Information Science & Engineering; Northeastern University,Shenyang,Liaoning,China
136,College Of Information Science And Engineering; Northeastern University,Shenyang,Liaoning,China
137,College Of Mobile Telecommunications. Chongqing University Of Posts And Telecom.,Chongqing,,China
138,College Of Petroleum Engineering,Qingdao,Shandong,China
139,College Of Science,Beijing,,China
140,College Of Science And Technology Of China Three Gorges University,Yichang,Hubei,China
141,"College Of Science, North China University Of Technology",Beijing,Beijing,China
142,"College Of Science, Northeastern University, China",Shenyang,Liaoning,China
143,College Of Sciences,Shenyang,Liaoning,China
144,College Of Sciences ; Northeastern University,Shenyang,Liaoning,China
145,"College Of Sciences, Northeastern University",Shenyang,Liaoning,China
146,College Of Software; Northeastern University,Shenyang,Liaoning,China
147,College Of Wooster,Wooster,Oh,Usa
148,College Of Science,Shanghai,Shanghai,China
149,Colorado College,Colorado Springs,Co,Usa
150,Colorado State University,Fort Collins,Co,Usa
151,Columbia University,New York,Ny,Usa
152,Communication University Of China,Beijing,,China
153,Communication University Of Chinaâ ,Beijing,Beijing,China
154,Cornell College,Mount Vernon,Ia,Usa
155,Cornell University,Ithaca,Ny,Usa
156,Cupertino High School,Cupertino,Ca,Usa
157,Dalian Jiaotong University,Dalian,Liaoning,China
158,Dalhousie University,Halifax,Nova Scotia,Canada
159,Dalian Institute Of Science And Technology,Dalian,Liaoning,China
160,Dalian Jiaotong University,Dalian,Liaoning,China
161,Dalian Maritime University,Dalian,Liaoning,China
162,Dalian Nationalities University,Dalian,China,China
163,Dalian Neusoft University Of Information,Dalian,Liaoning,China
164,Dalian Neusoft University Of Information,Dalian,Liaoning,China
165,Dalian Ocean University,Dalian,Liaoning,China
166,Dalian Polytechnic University,Dalian,Liaoning,China
167,Dalian University,Dalian City,Liaoning,China
168,Dalian University Of Technology,Dalian,Liaoning,China
169,Dalton State College,Dalton,Ga,Usa
170,Davidson College,Davidson,Nc,Usa
171,"Department Of Economics, Minzu University Of China",Beijing,Beijing,China
172,Department Of Mathematics,Shanghai,,China
173,Department Of Mathematics And Institute Of Natural Sciences,Shanghai,Shanghai,China
174,Department Of Mathematics; Northeastern University,Shenyang,Liaoning,China
175,Dezhou University,Dezhou,Shandong,China
176,Dongbei University Of Finance And Economics,Dalian,Liaoning Province,China
177,Dongbei University Of Finance And Economics,Dalian,Liaoning,China
178,Dongguan University Of Technology,Dongguan,Guangdong,China
179,Donghua University,Shanghai,Shanghai,China
180,Donghua University,Shanghai,,China
181,Duke University,Durham,Nc,Usa
182,Duquesne University,Pittsburgh,Pa,Usa
183,East China Normal University,Shanghai,China,China
184,East China Institute Of Technology,Nanchang,Jiangxi,China
185,East China Normal Univeristy,Shanghai,,China
186,East China Normal University,Shanghai,Shanghai,China
187,East China Normal University(China),"Shanghai,China",Shanghai,China
188,East China University Of Science And Technology,Shanghai,Shanghai,China
189,East China University Of Political Science And Law,Shanghai,Shanghai,China
190,East China University Of Science And Technology,Shanghai,Shanghai,China
191,East China University Of Science And Technology,Shanghai,Shanghai,China
192,East China Normal University,Shanghai,,China
193,Eastern Michigan University,Ypsilanti,Mi,Usa
194,Eastern Oregon University,La Grande,Or,Usa
195,Economics,Beijing,Beijing,China
196,Electrical Engineering,Hangzhou,,China
197,Emory University,Atlanta,Ga,Usa
198,Erasmus University Rotterdam,Rotterdam,,Netherlands
199,Fudan University,Shanghai,Shanghai,China
200,Faculty Of Information Science And Engineering; Northeastern University,Shenyang,Liaoning,China
201,Foshan University,Foshan,Guangdong,China
202,Franklin & Marshall College,Lancaster,Pa,Usa
203,"Fuyang Normal College, Anhui, China.",Fuyang,,China
204,Fuzhou College Of Foreign Studies And Trade,Fuzhou,Fujian,China
205,Fudan Univerity,Shanghai,,China
206,Fudan University,Shanghai,Shanghai,China
207,Fujian Agriculture And Forestry University,Fuzhou,Fujian,China
208,Fujian Normal University,Fuzhou,Fujian,China
209,Fujian University Of Technology,Fuzhou,Fujian,China
210,"Fuyang Normal College, Anhui Province, China.",Fuyang,Yingzhou,China
211,Fuzhou University,Fuzhou,Fujian,China
212,Guangdong Pharmaceutical University,Zhongshan,Guangdong,China
213,Guangdong University Of Finance And Economics,Guangzhou,Guangdong,China
214,Gannan Normal University,Ganzhou,Jiangxi,China
215,Gansu Agricultural University,Lanzhou,Gansu,China
216,Georgetown College,Georgetown,Ky,Usa
217,Georgetown University,Washington,Dc,Usa
218,Georgia College,Milledgeville,Ga,Usa
219,Georgia Southern University,Statesboro,Ga,Usa
220,Goshen College,Goshen,In,Usa
221,Grand View University,Des Moines,Ia,Usa
222,Grinnell College,Grinnell,Ia,Usa
223,Guangdong Ocean University,Zhan Jiang,Guangdong,China
224,Guangdong University Of Finance And Economics,Guangzhou,Guangdong,China
225,Guangdong University Of Foreign Studies,Guangzhou,Guangdong Province,China
226,Guangdong Vocational College Of Environmental Protetion Engineering,Foshan,Guangdong Province,China
227,Guangdong Polytechnic Normal University,Guangzhou,Guangdong,China
228,Guangdong University Of Finance And Economy,Guangzhou,Guangdong,China
229,Guangdong University Of Foreign Studies,Guangzhou,Guangdong,China
230,Guangdong University Of Finance,Guangzhou,Guangdong,China
231,Guangdong University Of Finance & Economics,Guangzhou,Guangdong,China
232,Guangdong University Of Finance Economics,Guangzhou,Guangdong,China
233,Guangdong University Of Finance And Economics,Guangzhou,Guangdong,China
234,Guangdong University Of Finance And Econonmics,Guangzhou,,China
235,Guangdong University Of Foreign Studies,Guangzhou,Guangdong,China
236,Guangdong University Of Petrochemical Technology,Maoming,Guangdong,China
237,Guangdong University Of Technology,Guangzhou,Guangdong,China
238,Guangxi Teachers Education University,Nanning,Guangxi,China
239,Guangxi University,Nanning,Guangxi,China
240,Guangzhou University,Guangzhou,Guangdong Province,China
241,Guilin University Of Electronic Technology,Guilin,Guangxi,China
242,Guizhou University,Guiyang,Guizhou,China
243,Hainan University,Haikou,Hainan,China
244,Harbin Engineering University,Harbin,Heilongjiang,China
245,Hebei Fanance University,Baoding,Hebei,China
246,Hainan University,Haikou,Hainan,China
247,Hainan University,Haikou,Hainan,China
248,Hainu University,Haikou,Hainan,China
249,Hangzhou Dianzi University,Hangzhou,Zhejiang,China
250,Hangzhou Normal University,Hangzhou,Zhejiang,China
251,Hangzhou Normal University Qianjiang College,Hangzhou,Zhejiang,China
252,Hannan University,Haikou,Hainan,China
253,Harbin Institute Of Technology,Harbin,Heilongjiang,China
254,Harbin Medical University,Harbin,Hei Long Jiang,China
255,Harbin University Of Commerce,Harbin,Heilongjiang,China
256,Harbin University Of Science And Technology,Harbin,Heilongjiang,China
257,Harbin University Of Science And Technology Rongcheng,Rongcheng,Shandong,China
258,Harvey Mudd College,Claremont,Ca,Usa
259,He'Nan Normal University,Xinxiang,Henan,China
260,Hebei Finance University,Baoding,Hebei,China
261,Hebei Normal University,Shijiazhuang,Hebei,China
262,Hebei United University,Tangshan,Hebei,China
263,Hebei University,Baoding,Hebei,China
264,Hebei University Of Technology,Tianjin,Tianjin,China
265,Hebei University,Baoding,Hebei,China
266,Hefei No.8 High School,Hefei,Anhui,China
267,Hefei Normal University,Hefei,Anhui,China
268,Hefei University Of Technology,Hefei,Anhui,China
269,Heilongjiang College Of Construction,Harbin,Heilongjiang,China
270,Heilongjiang Institute Of Technology,"Harbin,Heilongjiang Province,China",Heilongjiang,China
271,Heilongjiang University,Harbin,Heilongjiang,China
272,Heilongjiang University Of Science And Technology,Harbin,Heilongjiang,China
273,"Heilongjiang University, China",Harbin,Heilongjiang,China
274,Henan Institute Of Science And Technology,Xinxiang,Henan,China
275,Henan Normal University,Xin'Xiang,Henan Province,China
276,Henan Polytechnic University,Jiaozuo City,Henan Province,China
277,Henan University,Kaifeng,Henan,China
278,Henan University Of Economics And Law,Zhengzhou,Henan,China
279,Henan University Of Science & Technology,Luoyang,Henan,China
280,Henan University Of Science And Technology,Luoyang,Henan,China
281,Henan University Of Technology,Zhengzhou,Henan,China
282,Henan University Of Urban Construction,Pingdingshan,Henan,China
283,Henan Normal University,Xinxiang,Henan,China
284,Henan Normal University,Xinxiang,Henan,China
285,Hendrix College,Conway,Ar,Usa
286,Hexi Univercity,Zhangye,Gansu,China
287,Hexi University,Zhangye,Gansu,China
288,High School Affiliated To People'S University (Rdfz),Beijing,,China
289,Hohai University,Nanjing,Jiangsu,China
290,Hohai University Changzhou Campus,Changzhou,Jiangsu,China
291,Hohai University Wentian College,Maanshan,Anhui,China
292,Hong Kong Baptist University,Kowloon,,Hong Kong
293,Hong Kong University Of Science And Technology,Clear Water Bay-Kowloon,,Hong Kong
294,Hu Bei Univeristy Of Economics,Wuhan,Hubei,China
295,Hu Bei University Of Economics,Wuhan,Hubei,China
296,Hubei University Of Economics,Wuhan,Hubei,China
297,Hunan University,Changsha,Hunan,China
298,Huaqiao University,Quanzhou,Fujian,China
299,Huaibei Normal University,Huaibei,Anhui,China
300,Huaihai Institute Of Technology,Lianyungang,Jiangsu,China
301,Huainan Normal University,Huainan,Anhui,China
302,Huaiyin Normal University,Huaian,Jiangsu,China
303,Huanggang Normal University,Huanggang,Hubei Province,China
304,Huangzhong University Of Science And Technology,Wuhan,Hubei,China
305,Huaqiao University,Quan Zhou,Feng Ze,China
306,Huazhon University Of Science And Technology,Wuhan,Hubei,China
307,Huazhong Agricultural University,Wuhan,Hubei,China
308,Huazhong Agricultural University Chutian College,Wuhan,Hubei,China
309,Huazhong Agriculture University,Wuhan,Hubei,China
310,Huazhong University Of Science & Technlology,Wuhan,Hubei,China
311,Huazhong University Of Science & Technology,Wuhan,Hubei,China
312,Huazhong University Of Science And Technolog,Wuhan,Hubei,China
313,Huazhong University Of Science And Technology,Wuhan,Hubei,China
314,Huazhong University Of Science And Technology,Wuhan,Hubei,China
315,Huazhong University Of Science&Technology,Wuhan,Hubei,China
316,Huazhong University Of Science And Technology,Wuhan,Hubei,China
317,Hubei University,Wuhan,Hubei,China
318,Hubei University Of Economics,Wuhan,Hubei,China
319,Hubei University Of Economics,Wuhan,Hubei,China
320,Hubei University Of Technology,Wuhan,Hubei Province,China
321,Huizhou University,Huizhou,Guangdong,China
322,Humboldt State University,Arcata,Ca,Usa
323,Hunan Normal University,Changsha,Hunan,China
324,Hunan Police Academy,Changsha,Hunan,China
325,Hunan University,Changsha,Hunan,China
326,Hunan University Of Commerce,Changsha,Hunan,China
327,"Hunan University Of Humanities,Science And Technology",Loudi,Hunan,China
328,Huzhou University,Huzhou,Zhejiang,China
329,Iss Of Wuhan University,Wuhan,Hubei Province,China
330,Iupui,Indianapolis,In,Usa
331,Idaho State University,Pocatello,Id,Usa
332,Iinformantion Engineering,Dalian,Liaoning,China
333,Illinois Institute Of Technology,Chicago,Il,Usa
334,Indiana University Bloomington,Bloomington,In,Usa
335,Indiana University Of Pennsylvania,Indiana,Pa,Usa
336,Informantion Engineering,Dalian,Liaoning,China
337,Information,Beijing,,China
338,Information Engineering,Dalian,Liaoning,China
339,Information Engineering University,Zhengzhou,Henan,China
340,Inner Mongolia Agricultural University,Hohhot,,China
341,Inner Mongolia University,Hohhot,Inner Monglia,China
342,Inner Mongolia University For The Nationalities,Tongliao,The Inner Mongolia Autonomous Region,China
343,Inner Mongolia University For The Nationlities,Tongliao,Inner Mongolia Autonomous Region,China
344,Inner Mongolia University Of Finance And Economics,Hohhot,Inner Mongolia,China
345,Inner Mongolia University Of Technology,Hohhot,Inner Mongolia,China
346,Inner Mongolia University Of Technology,Hohhot,Inner Mongolia,China
347,Institut Teknologi Bandung,Bandung,Jabar,Indonesia
348,Institute Of Artificial Intelligence And Robotics; Northeastern University,Shenyang,Liaoning,China
349,Institute Of Computer System;Northeastern University,Shenyang,Liaoning,China
350,Institute Of Digital Media Technology; Northeastern University,Shenyang,Liaoning,China
351,Institute Of Electrical Engineering And Automation; Northeastern University,Shenyang,Liaoning,China
352,Institute Of Information Technology Of Guilin University Of Electronic Technology,Guilin,Guangxi,China
353,Institute Of Mechatronics Engineering; Northeastern University,Shenyang,Liaoning,China
354,Institute Of Metallurgical Resource And Environmental Engineering ; Northeastern University,Shenyang,Liaoning,China
355,Institute Of Microelectronics,Beijing,Beijing,China
356,Institute Of Scientific & Engineering Computing,Hangzhou,Zhejiang,China
357,Institute Of Systems Science; Northeastern University,Shenyang,Liaoning,China
358,Institution Of Information Science And Technology,Beijing,China,China
359,Institution Of Innovation; Northeastern University,Shenyang,Liaoning,China
360,Institution Of Intelligent Robots And Pattern Recognition; Northeastern University,Shenyang,Liaoning,China
361,Institution Of Mathematics; Northeastern University,Shenyang,Liaoning,China
362,Institution Of Mathematics;Northeastern University,Shenyang,Liaoning,China
363,Institution Of Maths ; Northeastern University,Shenyang,Liaoning,China
364,Institution Of Metallurgy Resources And Environmental Engineering; Northeastern University,Shenyang,Liaoning,China
365,Institution Of Pattern Recognition ;Northeastern University,Shenyang,Liaoning,China
366,Institution Of Software; Northeastern University,Shenyang,Liaoning,China
367,Institution Of Thermal Science And Power Systems,Hangzhou,Zhejiang,China
368,"International Institute Of Information Technology, Hyderabad",Hyderabad,Telangana,India
369,Ithaca College,Ithaca,Ny,Usa
370,Jacksonville University,Jacksonville,Fl,Usa
371,James Madison University,Harrisonburg,Va,Usa
372,Jiangxi College Of Construction,Nanchang,Jiangxi,China
373,Jiangxi Normal University,Nanchang,Jiangxi,China
374,Jiangxi University Of Science And Technology,Ganzhou,Jiangxi,China
375,Jiangnan University,Wuxi,Jiangsu,China
376,Jiangsu Jianzhu Institute,Xuzhou,Jiangsu,China
377,Jiangsu Normal University,Xuzhou,Jiangsu,China
378,Jiangxi Agricultural University,Nanchang,Jiangxi,China
379,Jiangxi University Of Finance And Economics,Nanchang,Jiangxi,China
380,Jiangxi University Of Traditional Chinese Medicine,Nanchang,,China
381,Jiansu Jianzhu University,Xuzhou,Jiangsu,China
382,Jilin University,Changchun,Jilin Province,China
383,Jilin University Of Finance And Economics,Changchun,Jinlin,China
384,Jilin University.,Changchun,Jilin,China
385,Jinan University,Guanghzou,Guangdong,China
386,Jinan University Zhuhai Campus,Zhuhai,Guangdong,China
387,Jinhua Polytechnic,Jinhua,Zhejiang,China
388,Jinjiang College Of Sichuan University,Meishan,Sichuan,China
389,Jinling High School,Nanjing,Jiang Su,China
390,Jinling Institute Of Technology,Nanjing,Jiangsu,China
391,Jinshan College Of Fujian Agriculture And Forestry University,Fuzhou,Fujian,China
392,Kansas State University,Manhattan,Ks,Usa
393,Kansas Wesleyan University,Salina,Ks,Usa
394,Kenyon College,Gambier,Oh,Usa
395,Key Laboratory Of Ecological Utilization Of Multi-Metal Intergrown Ores Of Ministry Of Education &School Of Materials And Metall,Shenyang,Liaoning,China
396,Key Laboratory Of Medical Image Computing; Northeastern University,Shenyang,Liaoning,China
397,Kunming University,Kunming,Yunnan,China
398,Kunming University Of Science And Technology,Kunming,Yunnan,China
399,Kwangwoon University,Seoul,,South Korea
400,Lafayette College,Easton,Pa,Usa
401,Lamar University,Beaumont,Tx,Usa
402,Lan Zhou University Of Technology,Lan Zhou,Gansu,China
403,Lanzhou University Of Technology,Lanzhou,Gansu,China
404,Lanzhou University,Lanzhou,Gansu,China
405,Lanzhou University Of Technology,Lanzhou,Gansu,China
406,Lanzhou University,Lanzhou,Gansu,China
407,Lawrence Technological University,Southfield,Mi,Usa
408,Lehigh University,Bethlehem,Pa,Usa
409,Leshan Normal University,Leshan,Sichuan,China
410,Liaocheng Univ.,Liaocheng,Shandong,China
411,Liaocheng University,Liaocheng,Shandong,China
412,Liaoning Normal University,Dalian,Liaoning,China
413,Liaoning Shihua University,Fushun,Wanghua,China
414,Liaoning Technical University,Huludao,Liaoning,China
415,Liaoning Technical Universty,Fuxin,,China
416,Liaoning University,Shenyang,Liaoning,China
417,Linfield College,Mcminnville,Or,Usa
418,Linnaeus University,Vaxjo,Kronoberg,Sweden
419,Linyi Number 7 Middle School,Linyi,Shandong Provience,China
420,Longdong University,Qingyang,Gausu,China
421,Louisiana Tech University,Ruston,La,Usa
422,Loyola University Maryland,Baltimore,Md,Usa
423,Ludong University,Yantai,Shandong,China
424,Luoyang Institute Of Science And Technology,Luoyang,Henan,China
425,Luoyang Normal University,Luoyang,Henan,China
426,Macau University Of Science And Technology,Macau,,China
427,Madonna University,Livonia,Mi,Usa
428,Maggie Walker Governors School,Richmond,Va,Usa
429,Maryville College,Maryville,Tn,Usa
430,Materials And Metallurgy; Northeastern University,Shenyang,Liaoning,China
431,"Math Institution ,Beihang University",Beijing,China,China
432,Math School,Xiamen,Fujian,China
433,Mathematics,Shanghai,Shanghai,China
434,Maths,Shanghai,,China
435,Mercer University,Macon,Ga,Usa
436,Meredith College,Raleigh,Nc,Usa
437,Metropolitan State University Of Denver,Denver,Co,Usa
438,Miami University,Oxford,Oh,Usa
439,Midlands Technical College,Columbia,Sc,Usa
440,Milligan College,Milligan College,Tn,Usa
441,Minzu University Of China,Beijing,,China
442,Minnesota State University Moorhead,Moorhead,Mn,Usa
443,Minzu Univercity Of China,Beijing,,China
444,Minzu University Of China,Beijing,Beijing,China
445,Minzu University Of China,Beijing,Beijing,China
446,Missouri Southern State University,Joplin,Mo,Usa
447,Montana Tech,Butte,Mt,Usa
448,Morehead State University,Morehead,Ky,Usa
449,Mount Holyoke College,South Hadley,Ma,Usa
450,Mount St. Mary'S University,Emmitsburg,Md,Usa
451,Nanjing University,Nanjing,Jiangsu,China
452,Nankai University,Tian Jin,Tianjin,China
453,Nantong University,Nantong,Jiangsu,China
454,Nc School Of Science And Mathematics,Durham,Nc,Usa
455,Nku School Of Mathematical Science,Tianjin,Tianjin,China
456,North China Electric Power University,Beijing,Beijing,China
457,North China Institute Of Science And Technology,Beijing,Beijing,China
458,Nanchang Aeronautical University,Nanchang,Jiangxi,China
459,Nankai University,Tianjin,Tianjin,China
460,Nankai University,Tianjin,Tianjin,China
461,Nantong University,Nantong,Jiangsu,China
462,Nanchang Institute Of Technology,Nanchang,Jiangxi,China
463,Nanchang University,Nanchang,Jiangxi,China
464,Nanjing Agricultural University,Nanjing,Jiangsu,China
465,Nanjing College Of Information Technology,Nanjing,Jiangsu,China
466,Nanjing Foreign Language School,Nanjing,Jiangsu,China
467,Nanjing Forestry University,Nanjing,,China
468,Nanjing Normal University Taizhou College,Taizhou,,China
469,Nanjing Tech Uinversity,Nanjing,Jiangsu,China
470,Nanjing Tech University,Nanjing,Jiangsu,China
471,Nanjing University,"Haian,Nantong",Jiangsu,China
472,Nanjing University Of Aeronautics And Astronautics,Nanjing,Jiangsu,China
473,Nanjing University Of Information Science & Technology,"Nanjing,Jiangsu Province",Jiangsu,China
474,Nanjing University Of Information Science And Technology,Nanjing,Jiangsu,China
475,Nanjing University Of Posts & Telecommunications,Nanjing,Jiangshu,China
476,Nanjing University Of Posts And Telecommunications,Nanjing,Jiangsu,China
477,Nanjing University Of Posts&Telecommunications,Nanjing,Jiangsu,China
478,Nanjing University Of Science And Technology,Nanjing,Jiangsu,China
479,Nanjing University,Nanjing,Jiangsu,China
480,Nankai University,Tianjin,Tianjin,China
481,"Nankai University,China",Tianjin,Tianjin,China
482,Nankai University,Tianjin,Tianjin,China
483,"Nankai University ,China",Tianjing,Tianjing,China
484,Nantong University,Nantong,Jiangsu,China
485,Nanyang Normal University,Nanyang,Henan,China
486,"National Engineering Research Center For Multimedia Software, Wuhan University",Wuhan,Hubei,China
487,National University Of Defense Technology,Changsha,Hunan,China
488,National University Of Singapore,Singapore,,Singapore
489,National University Of Defense Technology,Changsha,Hunan,China
490,Naval Aeronautical Engineering Institute Qingdao Campus,Qingdao,Shandong,China
491,Naval Aeronautical And Astronautical University,Yantai,Shandong,China
492,Naval University Of Engineering,Wuhan,Hubei,China
493,Neijiang Normal University,Neijiang,Sichuan,China
494,New York Institute Of Technology,New York,Ny,Usa
495,New York University,New York,Ny,Usa
496,"Ningbo Institute Of Technology, Zhejiang University",Ningbo City,Zhejiang,China
497,Ningbo University,Ningbo,Zhejiang,China
498,Ningxia University,Yinchuan,The Ningxia Hui Autonomous Region,China
499,"No. 10, Huixin Dongjie, Chaoyang District, Beijing, P.R. China",Beijing,Beijing,China
500,North China Electric Power University,Beijing,,China
501,North China Electric Power Univercity,Changping,Beijing,China
502,North China Electric Power University,Baoding,Hebei Province,China
503,North China Electric Power University Baoding,Baoding,Hebei,China
504,North China Electric Power University Science & Technology College,Baoding,Hebei,China
505,North China Electric Poewr University,Bejing,Beijing,China
506,North China University Of Water Resources And Electric Power,Zhengzhou,Henan Province,China
507,North University Of China,Taiyuan,Shanxi,China
508,Northeast Agricultural University,Harbin,Heilongjiang,China
509,Northeast Forestry University,Harbin,Heilongjiang,China
510,Northeast Normal University,Changchun,,China
511,Northeast Petroleum University,Daqing,Heilongjiang,China
512,Northeast Yucai Foreign Language School,Shenyang,Liaoning,China
513,Northeaster University (China),Shenyang,,China
514,Northeastern University,Shenyang,Liaoning,China
515,Northeastern University At Qinhuangdao,Qinhuangdao,Hebei,China
516,"Northeastern University, China",Shenyang,Liaoning,China
517,Northern Kentucky University,Highland Heights,Ky,Usa
518,Northwest A&F University,Yangling,Shannxi Province,China
519,Northwest Missouri State University,Maryville,Mo,Usa
520,Northwest University,Xi’An,Shaanxi Province,China
521,Northwest University For Nationalities,Lanzhou,Gansu,China
522,Northwestern Polytechnical University,Xi'An,Shaanxi,China
523,"Northwestern Polytechnical University, P.R.China",Xi'An,Shaanxi,China
524,Nottingham Trent University,Nottingham,,United Kingdom
525,Ocean Univercity Of China,Qingdao City Shandong Province,,China
526,Ocean University Of China,Qingdao,Shandong,China
527,Ocean University Of China,Shandong,Qingdao,China
528,Ocean University Of China,Qingdao,Sandong,China
529,Officer College Of Chinese People'S Armed Police Force,Chengdu,Sichuan,China
530,Officer'S College Of Capf,Chengdu,Sichuan,China
531,Officers College Of Capf,Chengdu,Sichuan,China
532,Officers College Of Capf,Chengdu,Sichuan,China
533,Ohio University,Athens,Oh,Usa
534,Olin College,Needham,Ma,Usa
535,Ordos College，inner Mongolia University,Erdos,Inner Mongolia Autonomous Region,China
536,Oregon State University,Corvallis,Or,Usa
537,P.R.China Beijing Normal University,Beijing,Beijing,China
538,Pla Imformation Engineering University,Zhengzhou,Henan,China
539,Pla University Of Science And Technology,Nanjing,Jiangsu,China
540,Pacific Lutheran University,Tacoma,Wa,Usa
541,Pacific University,Forest Grove,Or,Usa
542,Paivola School Of Mathematics,Tarttila,,Finland
543,Panzhihua University,Pan Zhihua,Sichuan,China
544,Pattern Recognition ;Northeastern University,Shenyang,Liaoning,China
545,Pattern Recognition;Northeastern University,Shenyang,Liaoning,China
546,Peking Univ.,Beijing,Beijing,China
547,Peking University,Beijing,Beijing,China
548,Peking University,Beijing,Beijing,China
549,Pekinguniversity(Pku),Beijing,,China
550,Penn State Abington,Abington,Pa,Usa
551,People'S Public Security University Of China,Beijing,Beijing,China
552,Physics School Of Nankai University,Tianjin,Tianjin,China
553,Purdue University,West Lafayette,In,Usa
554,Qiannan Normal College For Nationalities,Duyun,Guizhou,China
555,Qilu University Of Technology,Jinan,Shandong,China
556,Qingdao Agricultural Universiry,Qingdao,Shandong,China
557,Qingdao Agricultural University,Qingdao,Shandong,China
558,Qingdao Technical Colleage,Qingdao,Shandong,China
559,Qingdao University,Qingdao,Shandong,China
560,Qingdao University Of Science And Technology,Qingdao,Shandong,China
561,Qingdao Univrsity,Qingdao,Shandong,China
562,Qingdao Agricultural University,Qingdao,Shandong,China
563,"Qinggong College, Hebei United University",Tangshan,Hebei,China
564,Qinghai University,Xining,Qinghai,China
565,Qufu Normal University,Qufu,Shandong,China
566,Quantitative Economics Research Institute Of Nankai University,Tianjin,Tianjin,China
567,Quanzhou Normal University,Quanzhou,Fujian,China
568,Qufu Normal University,Qufu,Shandong,China
569,Qufu Normal University,Qufu,Shandong,China
570,Renmin University Of China,Beijing,Beijing,China
571,Renmin University Of China,Beijing,China,China
572,Ramapo College Of New Jersey,Mahwah,Nj,Usa
573,Randolph College,Lynchburg,Va,Usa
574,Regis University,Denver,Co,Usa
575,Renmin University Of China,Beijing,Beijing,China
576,Renmin University,Beijing,Beijing,China
577,Renmin University Of China,Beijing,Beijing,China
578,Renmin University Of China,Beijing,Beijing,China
579,Renmin Universuty Of China,Beijing,Beijing,China
580,Renming University,Beijing,,China
581,Rensselaer Polytechnic Institute,Troy,Ny,Usa
582,Research Center Of Control & Simulation; Northeastern University,Shenyang,Liaoning,China
583,Research Institution For Computational Science And Engineering,Hangzhou,,China
584,Rhodes College,Memphis,Tn,Usa
585,Richard Stockton College Of New Jersey,Galloway,Nj,Usa
586,Roanoke College,Salem,Va,Usa
587,Robotics And Automation; Northeastern University,Shenyang,Liaoning,China
588,Roger Williams University,Bristol,Ri,Usa
589,Rose-Hulman Institute Of Technology,Terre Haute,In,Usa
590,Shandong University,Jinan,Shandong,China
591,Shanghai Jiao Tong University,Shanghai,Shanghai,China
592,Shanghai University,Shanghai,Shanghai,China
593,Shanghai University Of Finance And Econamics,Shanghai,Shanghai,China
594,Shanghai University Of Finance And Economics,Shanghai,Shanghai,China
595,Sichuan University,Sichuan,,China
596,Sichuan University,Chengdu,Sichuan,China
597,Sjtu-Paristech Elite Institute Of Technology,Shanghai,Shanghai,China
598,Skh Bishop Mok Sau Tseng Secondary School,Hongkong,Hongkong,China
599,South China University Of Technology,Shenzhen,Guangdong,China
600,South West Jiaotong University,Cheng Du,Si Chuan,China
601,Southwest Jiaotong University,Chengdu,Sichuan,China
602,Southwest University For Nationalities,Chengdu,Sichuan,China
603,Sun Yat-Sen University,Guang Zhou,,China
604,Suny New Paltz University,New Paltz,Ny,Usa
605,Sysu,Guangzhou,Guangzhou,China
606,Sacred Heart University,Fairfield,Ct,Usa
607,Saint Louis University,St. Louis,Mo,Usa
608,Salisbury University,Salisbury,Md,Usa
609,Sam Houston State University,Huntsville,Tx,Usa
610,"School Of Architecture And Civil Engineering,Nantong University",Nan Tong,Jiangsu,China
611,School Of Computer Science And Technology,Jinan,Shandong Province,China
612,School Of Computer Science And Techonology,Jinan,Shandong Province,China
613,School Of Digital Media And Design Art,Beijing,,China
614,School Of Electrical Engineering,Wuhan,Hubei,China
615,School Of Electronic And Engineering,Beijing,Beijing,China
616,"School Of Engineering, Sun Yat-Sen University",Guangzhou,Guangdong,China
617,"School Of Engineering,Sun Yat-Sen University",Guangzhou,Guangdong,China
618,School Of Information,Beijing,,China
619,School Of Information Science And Engineering; Northeastern University,Shenyang,Liaoning,China
620,"School Of Information, Renmin University Of China",Beijing,Beijing,China
621,School Of Materials And Metallurgy; Northeastern University,Shenyang,Liaoning,China
622,"School Of Mathematical Sciences, Beijing Normal University",Beijing,Beijing,China
623,"School Of Mathematical Sciences, Xiamen University",Xiamen,Fujian,China
624,"School Of Mathematical Sciences,Nanjing Normal University",Nanjing,Jiangsu,China
625,School Of Mathematical And Physical Science,Beijing,,China
626,School Of Mathematics,Beijing,Sichuan,China
627,"School Of Mechanical Engineering And Automation, Northeastern University",Shenyang,Liaoning,China
628,"School Of Mechanical Engineering And Automation,Northeastern University",Shenyang,Liaoning,China
629,"School Of Reliability And Systems Engineering,Beihang University",Beijing,Beijing,China
630,School Of Science Of Tianjin University,Tian Jin,China,China
631,School Of Sciences;Northeastern University,Shenyang,Liaoning,China
632,School Of Statistics,Beijing,,China
633,School Of Information& School Of Science,Beijing,,China
634,School Of Mathematics And Statistics,Beijing,Beijing,China
635,Scuola Monotecnica Superiore Dongemenese,Beijing Dongcheng District,Municipality Of Beijing,China
636,Seattle Pacific University,Seattle,Wa,Usa
637,Seattle University,Seattle,Wa,Usa
638,Second Military Medical University,Shanghai,Yangpu,China
639,Sewanee: The University Of The South,Sewanee,Tennessee,Usa
640,Shaanxi Electronic Technical College,Xi'An,Shaanxi,China
641,Shaanxi University Of Science & Technology,Xi'An,,China
642,Shaanxi University Of Technology,Hanzhong,Shaanxi,China
643,Shandong University,Jinan,Shandong,China
644,Shandong University Of Science And Technology,Qingdao,Shandong,China
645,Shandong University Of Science And Technology4 Years,Qingdao,Shandong,China
646,Shandong University Of Technology,Zibo,Shandong,China
647,Shandong Agricultural University,Tai'An City,Shandong,China
648,Shandong Experimental High School,Jinan,Shandong,China
649,Shandong Institute Of Business And Technology,Yantai,Shandong,China
650,Shandong Jianzhu University,Jinan,Shandong,China
651,Shandong Jiaotong University,Ji Nan,Shan Dong,China
652,Shandong Normal University,Jinan,Shandong,China
653,Shandong Univercity,Jinan,Shandong Province,China
654,Shandong University,Jinan,Shandong,China
655,Shandong University Of Science And Technology,Qingdao,Shandong,China
656,Shandong University Of Technology,Zibo,Shandong,China
657,Shandong University Of Fianace And Economics,Jinan,Shandong,China
658,Shandong University Of Finance And Economics,Jinan,China,China
659,Shandong University Of Science & Technology,Taian,Shandong,China
660,Shandong University Of Science And Technology,Qingdao,P.R.China,China
661,"Shandong University Of Science And Technology,",Tai'An City,Shandong Province,China
662,Shandong University Of Science And Technology，china,Qingdao City,Shandong Province,China
663,Shandong University Of Technology,Zibo,Shandong,China
664,Shandong University(Weihai),Weihai,Shandong,China
665,"Shandong University, Shandong, China",Jinan,Shandong,China
666,Shandong University,Jinan,Shandong,China
667,Shandong University Of Finance And Economics,Jinan,,China
668,Shandong University Of Finance And Economics In China,Jinan,,China
669,Shandong University Of Science And Technology,Shandong Qingdao,,China
670,Shangdong University,Jinan,Shandong Province,China
671,Shanghai Experimental School,Shanghai,Shanghai,China
672,Shanghai Finance University,Shanghai,,China
673,Shanghai Foreign Language School,Shanghai,Shanghai,China
674,Shanghai Institute Of Technology,Shanghai,Shanghai,China
675,Shanghai Jiading No.1 High School,Shanghai,Shanghai,China
676,Shanghai Jiao Tong Univeresity,Shanghai,Shanghai,China
677,Shanghai Jiao Tong University,Shanghai,Shanghai,China
678,Shanghai Jiaotong University,Shanghai,Shanghai,China
679,Shanghai Jiaotong University,Shanghai,Shanghai,China
680,"Shanghai Jiaotong University, China",Shanghai,Shanghai,China
681,Shanghai Kongjiang High School,Shanghai,,China
682,Shanghai Lixin University Of Commerce,Shanghai,,China
683,Shanghai Maritime University,Shanghai,Shanghai,China
684,Shanghai Normal University,Shanghai,,China
685,"Shanghai U. Of Finance And Economics, School Of Economics",Shanghai,Shanghai,China
686,Shanghai Univercity,Shanghai,Shanghai,China
687,Shanghai University,Shanghai,Shanghai,China
688,Shanghai University Of Engineering Science,Shanghai,Songjiang,China
689,Shanghai University For Science And Technology,Shanghai,Shanghai,China
690,Shanghai University Of Electric Power,Shanghai,,China
691,Shanghai University Of Finanace And Economics,Shanghai,Shanghai,China
692,Shanghai University Of Finance & Economics,Shanghai,Shanghai,China
693,Shanghai University Of Finance & Economics (P R China),Shanghai,,China
694,Shanghai University Of Finance And Ecomonics,Shanghai,,China
695,Shanghai University Of Finance And Economics,Shanghai,Shanghai,China
696,Shanghai University Of Finance And Economy,Shanghai,Shanghai,China
697,Shanghai University Of Financial & Economics,Shanghai,,China
698,Shanghai University Of International Business And Economics,Shanghai,Shanghai,China
699,Shanghai Universtiy Of Finance And Economics,Shanghai,,China
700,Shanghai Univisity,Shanghai,Shanghai,China
701,Shanghai Univercity,Shanghai,Shanghai,China
702,Shanghai University,Shanghai,,China
703,Shanghai University Of Finace And Economic,Shanghai,Shanghai,China
704,Shanghai University Of Finance And Economics,Shanghai,Shanghai,China
705,Shantou University,Shantou,Guangdong,China
706,Shanxi Agricultural University,Jinzhong,Shanxi,China
707,Shanxi Medical University,Taiyuan,Shanxi,China
708,Shanxi University,Taiyuan,Shanxi,China
709,Shanxi University Of Finance And Economics,Taiyuan,Shanxi,China
710,"Shanxi University, People'S Republic Of China",Taiyuan,Shanxi Province,China
711,Shaoguan University,Shaoguan,Guangdong,China
712,Shenyang Aerospace University,Shenyang,Liaoning,China
713,Shenyang Agricultural University,Shenyang,Liaoning,China
714,Shenyang Agriculture University,Shenyang,Liaoning,China
715,Shenyang Institute Of Engineering,Shenyang,Liaoning,China
716,Shenyang Institute Of Technology,Fushun,Liaoning,China
717,Shenyang Jianzhu University,Shenyang,Liaoning,China
718,Shenyang Jianzhu University,Shenyang,Liaoning,China
719,Shenyang Ligong University,Shenyang,Liaoning,China
720,Shenyang Normal University,Shenyang,Liaoning,China
721,Shenyang Pharmaceutical University,Benxi,Liaoning,China
722,Shenyang University,Shenyang,Liaoning,China
723,Shenyang University Of Technology,Shenyang,Liaoning,China
724,Shenyang Jianzhu University,Shenyang,Liaoning,China
725,Shenzhen Institute Of Information Technology,Shenzhen,Guangdong,China
726,Shenzhen Middle School,Shenzhen,Guangdong,China
727,Shenzhen Polytechnic,Shenzhen,Guangdong,China
728,Shenzhen University,Shenzhen,Guangdong Province,China
729,"Shenzhen University, China",Shenzhen,Guangdong,China
730,Shihezi University,Shihizi,Xinjiang,China
731,Shihezi University,Xinjiang,Shi Hezi,China
732,Shijiazhuang Tiedao University,Shijiazhuang,Hebei,China
733,Shijiazhuang University,Shijiazhuang,Hebei,China
734,Shippensburg University,Shippensburg,Pa,Usa
735,Shiyuan College Of Guangxi Teachers Education University,Nanning,Guangxi,China
736,Shuguang School,Zigong,Sichuan,China
737,Sichuan University,Chengdu,Sichuan,China
738,Sichuan Agricultural University,Ya'An,Sichuan,China
739,Sichuan Agriculture University,Chengdu,Sichuan,China
740,Sichuan Normal University,Chengdu,Sichuan,China
741,Sichuan Normal University Chengdu College,Chengdu,Sichuan,China
742,Sichuan Uinversity,Chengdu,Sichuan,China
743,Sichuan University,Chengdu,Sichuan,China
744,Sichuan University Jinjiang College,Meishan,Sichuan,China
745,Sichuan University,Chengdu,Sichuan,China
746,Signal And Information Processing; Northeastern University,Shenyang,Liaoning,China
747,Simpson College,Indianola,Ia,Usa
748,Sino-Dutch Biomedical And Information Engineering School; Northeastern University,Shenyang,Liaoning,China
749,Slippery Rock University,Slippery Rock,Pa,Usa
750,Smith College,Northampton,Ma,Usa
751,Snake River Hs,Blackfoot,Id,Usa
752,Software College; Northeastern University,Shenyang,Liaoning,China
753,Software Engineering,Shanghai,,China
754,Software Engineering Institute,Shanghai,China,China
755,"Software Engineering Institute, East China Normal University",Shanghai,Shanghai,China
756,Software College; Northeastern University,Shenyang,Liaoning,China
757,Sonoma State University,Rohnert Park,Ca,Usa
758,Soochow University,Suzhou,,China
759,Soochow University,Suzhou,,China
760,Soochow Universuty,Suzhou,,China
761,South China Agricultural University,Guangzhou,Guangdong,China
762,South China Institute Of Software Engineering. Gu,Guangzhou,Guangdong,China
763,South China Normal Univercity,Guangzhou,China,China
764,South China Normal University,Guangzhou,Guangdong,China
765,"South China Normal University, Guangzhou, P.R. China",Guangzhou,Guangdong,China
766,South China Normal Uniyersity,Guangzhou,Guangdong,China
767,South China University Of Technology,Guangzhou,,China
768,South China University Of China,Guangzhou,,China
769,South China University Of Technology,Guangzhou,Guangdong,China
770,South Dakota School Of Mines & Technology,Rapid City,Sd,Usa
771,South University Of Science And Technology Of China,Shenzhen,Guangdong,China
772,South West Jiaotong University,Chengdu,Sichuan,China
773,South Western University Of Finance And Economics,"Chengdu City,Sichuan Province",Sichuan,China
774,South-Center University For Nationalities,Wuhan,Hubei Province,China
775,South-Central University For Nationalities,Wuhan,Hubei,China
776,South-Central University For Nationalities,Wuhan,Hubei,China
777,South-West Jiaotong University,Chengdu,Sichuan,China
778,Southeast University,Nanjing,Jiangsu,China
779,Southwest Jiaotong University,Chengdu,Sichuan,China
780,Southwestern University Of Finance And Economics,Chengdu,Sichuan,China
781,Southeast University,Nanjing,Jiangsu,China
782,Southeastern Oklahoma State University,Durant,Ok,Usa
783,Southern Connecticut State University,New Haven,Ct,Usa
784,Southern Medical University,Guangzhou,Guangdong Province,China
785,Southwest Jiaotong University,Chengdu,Sichuan,China
786,Southwest Jiaotong University,Chengdu,Sichuan,China
787,Southwest Jiaotong University Hope College  ,Chengdu,Sichuan,China
788,Southwest Petroleum University,Chengdu City,Sichuan Province,China
789,Southwest University,Beibei,Chongqing,China
790,Southwest University Of Finance And Economics,Chengdu,Sichuan,China
791,Southwest University Of Science And Technology,Mianyang,Sichuan,China
792,Southwest Jiaotong University,Chengdu,Sichuan,China
793,Southwest Jiaotong University,Chengdu,Sichuan,China
794,Southwest Petroleum University,Chengdu,,China
795,Southwestern University Of Finance And Economics,Chengdu,Sichuan,China
796,Southwestern University Of Finance And Economics,Chengdu,Sichuan,China
797,Southwestern University Of Finance And Economic,Chengdu,Sichuan,China
798,Southwestern University Of Finance And Economics,Chengdu,Sichuan,China
799,Southwestern University Of Finance And Economics University,Chengdu,Sichuan,China
800,Southwestern University Of Finance And Economincs,Chengdu,Sichuan,China
801,Southwestern University Of Finance And Economy,Chengdu,Sichuan,China
802,Southwestern University Of Finance And Economics,Chengdu,Sichuan,China
803,Southwestern University Of Financial And Economics,Chengdu,Sichuan,China
804,Southwestern University Of Finance And Economics,Chengdu,China,China
805,Southwesternâ Universityâ Of Finance And Economics,Chengdu,Sichuan,China
806,Stanford University,Stanford,Ca,Usa
807,"State University Of New York, University At Buffalo",Buffalo,Ny,Usa
808,Statistic,Beijing,,China
809,Sun Yat-Sen University,Guangzhou,Guangdong,China
810,Sun Yat-Sen University,Guangzhou,Guangdong,China
811,Sun Yat-Sen University&Peking University&Peking University,Guangzhou,,China
812,"Sun Yat-Sen University, Guangzhou",Guang Zhou,Asia,China
813,Suzhou University Of Science And Technology,Jiangsu,Suzhou,China
814,Syracuse University,Syracuse,Ny,Usa
815,Tianjin Polytechnic University,Tian Jin,,China
816,Tianjin University,Tianjin,,China
817,"Taishan University,China",Taian,Shandong,China
818,Taiyuan University,Jinzhong,Shanxi,China
819,Taiyuan University Of Technology,Taiyuan,Shanxi,China
820,"Taizhou Institute Of Sci.&Tech.,Nust",Taizhou,,China
821,Taizhou Ploytechnic College,Taizhou,Jiangsu,China
822,Tarim University,Alaer,Sinkiang,China
823,Teacher,Beijing,Beijing,China
824,Telkom University,Bandung,Indonesia,Indonesia
825,Temple University,Philadelphia,Pa,Usa
826,The Capital University Of Economics And Business,Beijing,Beijing,China
827,The Chinese University Of Hong Kong,Hong Kong,Hong Kong,China
828,The College Of Idaho,Caldwell,Id,Usa
829,The College Of Wooster,Wooster,Oh,Usa
830,The Engineering & Technical College Of Chengdu University Of Technology,Leshan,,China
831,The Engineering &Technical College Of Chengdu University Of Technology,Leshan,Sichuan Province,China
832,The Hong Kong Polytechnic University,Hong Kong,Hong Kong,Hong Kong
833,The Huazhong University Of Science And Technology,Wuhan,Hubei Province,China
834,The Pennsylvania State University,University Park,Pa,Usa
835,The Second Artillery Engineering University,Xi'An,Shaanxi,China
836,The Southwestern University Of Finance And Economics,Chengdu,Sichuan,China
837,The Stony Brook School,Stony Brook,Ny,Usa
838,The University Of International Business Economics,Beijing,Beijing,China
839,The University Of Business And Economics,Beijing,,China
840,The University Of Dallas,Irving,Tx,Usa
841,The University Of Edinburgh,Edinburgh,Midlothian,United Kingdom
842,The University Of International Business And Economics,Being,,China
843,The University Of Shanghai For Science And Technology,Shanghai,Shanghai,China
844,"The University Of Tennessee, Knoxville",Knoxville,Tn,Usa
845,The University Of Texas At Dallas,Richardson,Tx,Usa
846,The University Of Western Ontario,London,On,Canada
847,"The School Of Management, University Of Science And Technology Of China",Hefei,Anhui,China
848,Tian Jin University,Tianjin,Tianjin,China
849,Tianjin University,Tianjin China,Tianjin,China
850,Tianjin University Of Finance And Economics,Tianjin,China,China
851,Tianjin University,Tianjin,Tianjin,China
852,Tianjin Agricultural University,Tinjin,86,China
853,Tianjin Foreign Studies University,Tianjin,Tianjin,China
854,Tianjin Polytechnic University,Tianjin,Tianjin,China
855,Tianjin Univ. Of Commerce,Tianjin,Tianjin,China
856,Tianjin University,Tianjin,Tianjin,China
857,Tianjin University Of Commerce,Tianjin,China Mainland,China
858,Tianjin University Of Finance And Economics,Tianjin,Tianjin,China
859,Tianjin University Of Science And Technology,Tianjin,Tianjin,China
860,Tianjin University Of Technology And Education,Tianjin,Tianjin,China
861,"Tianjin University, China",Tianjin,Tianjin,China
862,"Tianjin University, People'S Republic Of China",Tianjin,,China
863,"Tianjin University,China",Tianjin,Tianjin,China
864,Tianjin University,Tianjin,Tianjin,China
865,Tianjin University Of Commerce,Tianjin,Tianjin,China
866,Tongji University,Shanghai,Shanghai,China
867,Tongji University,Shanghai,,China
868,Tongji University,Shanghai,Shanghai,China
869,Trinity,San Antonio,Tx,Usa
870,Truman State University,Kirksville,Mo,Usa
871,Tsinghua Univeristy,Beijing,Beijing,China
872,Tsinghua University,Beijing,China,China
873,Tufts University,Medford,Ma,Usa
874,U.S. Air Force Academy,Usaf Academy,Co,Usa
875,Uc Berkeley,Berkeley,Ca,Usa
876,Ucsb,Santa Barbara,Ca,Usa
877,Uibe,Beijing,Beijing,China
878,University Of International Business And Economics,Beijing China,Beijing,China
879,University Of Science And Technology Of China,Hefei,Anhui,China
880,University Of Shanghai For Science And Technology,Shanghai,,China
881,Usma,West Point,Ny,Usa
882,Ustc,Hefei,Anhui,China
883,Ulster University,Bealfast,Northern Ireland,United Kingdom
884,Undergraduate,Beijing,Beijing,China
885,Undergraduate Course,Xi'An,Shan Xi,China
886,Union College,Schenectady,Ny,Usa
887,Univeristy Of International Business And Economics,Beijing,,China
888,Universidad Autonoma De Yucatan,Merida,Yucatan,Mexico
889,Universitat Autã²Noma De Barcelona,Bellaterra,Barcelona,Spain
890,Universith Of International Business And Economics,Beijing,,China
891,Universitiy Of International Business And Economics,Beijing,,China
892,University,Beijing,,China
893,University Of International Business And Economics,Beijing,Beijing,China
894,University Of Science And Technology Beijing,Beijing,Beijing,China
895,University Of Shanghai For Science And Technology,Shanghai,Shanghai,China
896,University At Buffalo (Suny),Buffalo,Ny,Usa
897,University Of Adelaide,Adelaide,Sa,Australia
898,University Of Business And Economics,Beijing,Beijing,China
899,"University Of California, Los Angeles",Los Angeles,Ca,Usa
900,"University Of California, San Diego",La Jolla,Ca,Usa
901,University Of Cambridge,Cambriddge,,United Kingdom
902,University Of Central Florida,Orlando,Fl,Usa
903,University Of Colorado Boulder,Boulder,Co,Usa
904,University Of Colorado Denver,Denver,Co,Usa
905,University Of Dayton,Dayton,Oh,Usa
906,University Of Delaware,Newark,De,Usa
907,University Of Denver,Denver,Co,Usa
908,University Of Electronic Science And Technology Of China,Chengdu,Sichuan,China
909,University Of Helsinki,Helsinki,,Finland
910,University Of Illinois,Urbana,Il,Usa
911,University Of Illinois At Urbana-Champaign,Urbana,Il,Usa
912,University Of International Business And Ecomomics,Beijing,Beijing,China
913,University Of International Business And Econmics,Beijing,Beijing,China
914,University Of International Business And Economics,Beijing,China,China
915,University Of International Business And Economics Of China,Beijing,,China
916,"University Of International Business And Economics, China",Beijing,Beijing,China
917,"University Of International Business And Economics, School Of Finance",Beijing,,China
918,University Of International Business And Economy,Beijing,Chaoyang,China
919,University Of International Business&Economics,Beijing,Beijing,China
920,"University Of International Bussiness And Economy,Beijing,China",Beijing,,China
921,University Of International Relations,Beijing,Beijing,China
922,University Of International And Business Economics,"Beijing,China",,China
923,University Of International And Economics,Beijing,,China
924,University Of International Business And Economics,Beijing,Beijing,China
925,University Of Internetional Business And Economics,Beijing,Beijing,China
926,University Of Jinan,Jinan,Shandong,China
927,University Of Kentucky,Lexington,Ky,Usa
928,University Of Liverpool,Liverpool,Merseyside,United Kingdom
929,University Of Macau,Macau,Macau,China
930,University Of Manchester,Manchester,Manchester,United Kingdom
931,University Of Maryland,College Park,Md,Usa
932,University Of Michigan,Ann Arbor,Mi,Usa
933,University Of Michigan-Shanghai Jiao Tong University Joint Institute,Shanghai,,China
934,University Of Minnesota,Minneapolis,Mn,Usa
935,University Of Minnesota - Twin Cities,"Minneapolis,",Mn,Usa
936,University Of Minnesota Duluth,Duluth,Mn,Usa
937,"University Of Minnesota, Twin Cities",Minneapolis,Mn,Usa
938,University Of Nebraska-Lincoln,Lincoln,Ne,Usa
939,University Of New Mexico,Albuquerque,Nm,Usa
940,University Of North Texas,Denton,Tx,Usa
941,University Of Oklahoma,Norman,Ok,Usa
942,University Of Ontario Institute Of Technology,Oshawa,Ontario,Canada
943,University Of Pittsburgh,Pittsburgh,Pa,Usa
944,University Of Puget Sound,Tacoma,Wa,Usa
945,University Of Richmond,Richmond,Va,Usa
946,University Of San Diego,San Diego,Ca,Usa
947,University Of Sci&Tech Of China,Hefei,Anhui,China
948,University Of Science & Technology Beijing,Beijing,Beijing,China
949,University Of Science & Technology Of China,Hefei,Anhui,China
950,University Of Science And Techology Of China,Hefei,Anhui,China
951,University Of Science And Technology Beijing,Beijing,Beijing,China
952,University Of Science And Technology Liaoning,Anshan,Liaoning,China
953,University Of Science And Technology Of Beijing,Beijing,,China
954,University Of Science And Technology Of China,Hefei,Anhui,China
955,University Of Science And Technology Of China (Ustc),Hefei,Anhui,China
956,"University Of Science And Technology,Beijing(Ustb)",Beijing,Beijing,China
957,University Of Science And Technoloy Of China,Hefei,Anhui,China
958,University Of Shanghai For Science & Technology,Shanghai,Shanghai,China
959,University Of Shanghai For Science And Technology,Shanghai,Shanghai,China
960,University Of South China,Hengyang,Hunan,China
961,University Of St. Thomas,Saint Paul,Mn,Usa
962,University Of Stirling,Stirling,,Scotland
963,University Of Texas At Austin,Austin,Tx,Usa
964,University Of Utah,Salt Lake City,Ut,Usa
965,University Of Washington,Seattle,Wa,Usa
966,University Of West Georgia,Carrollton,Ga,Usa
967,University Of Wisconsin - La Crosse,La Crosse,Wi,Usa
968,University Of Wisconsin Milwaukee,Milwaukee,Wi,Usa
969,University Of Wisconsin--River Falls,River Falls,Wi,Usa
970,University Of Wisconsin-Madison,Madison,Wi,Usa
971,University Of Wisconsin-Stevens Point,Stevens Point,Wi,Usa
972,University Of International Business And Economics,Beijing,Beijing,China
973,University Of Science And Technology Of China,Hefei,Anhui,China
974,University Of Shanghai For Science&Technology,Shanghai,,China
975,Universitã© De Technologie De Compiã¨Gne,Compiegne,,France
976,Virginia Military Institute,Lexington,Va,Usa
977,Virginia Tech,Blacksburg,Va,Usa
978,Virginia Western,Roanoke,Va,Usa
979,Virginia Western Community College,Roanoke,Va,Usa
980,Virtual Reality And Simulation; Northeastern University,Shenyang,Liaoning,China
981,Virtual Reality And Simulation;Northeastern University,Shenyang,Liaoning,China
982,Wenzhou University,Wenzhou,Zhejiang,China
983,Wuhan Textile University,Wuhan,Hubei,China
984,Wuhan University,Wuhan,Hubei Province,China
985,Wake Forest University,Winston Salem,Nc,Usa
986,Wartburg College,Waverly,Ia,Usa
987,Washington And Lee University,Lexington,Va,Usa
988,Wells College,Aurora,Ny,Usa
989,Wentworth Institute Of Technology,Boston,Ma,Usa
990,Wenzhou University,Wenzhou,Zhejiang,China
991,Wesleyan College,Macon,Ga,Usa
992,West Ahui University,Lu’An,Anhui,China
993,West Anhui University,Lu’An,Anhui,China
994,Western Connecticut State University,Danbury,Ct,Usa
995,Western Washington University,Bellingham,Wa,Usa
996,Westminster College,Salt Lake City,Ut,Usa
997,Wheaton College (Il),Wheaton Il,Il,Usa
998,Winthrop University,Rock Hill,Sc,Usa
999,Woodside Priory School,Portola Valley,Ca,Usa
1000,Wu Han University,Wuhan,Hubei,China
1001,Wuhan University,Wuhan,Hubei,China
1002,Wuhan University Of Tecnology,Wuhan,Hubei,China
1003,Wuyi University,Wuyishan,Fujian,China
1004,Wuhan Polytechnic University,Wuhan,Hubei,China
1005,Wuhan Uniersity,Wuhan,Hubei,China
1006,Wuhan Univ,Wuhan,Hubei,China
1007,Wuhan Univ.,Wuhan,Hubei,China
1008,Wuhan Univercity,Wuhan,Hubei,China
1009,Wuhan University,Wuhan,Hubei,China
1010,Wuhan University Of Technology,Wuhan,Hubei,China
1011,Wuhan University Of Science And Technology,Wuhan,Hubei,China
1012,Wuhan University Of Technology,Wuhan,Hubei,China
1013,Wuhan University Of Technology,Wuhan,Hubei,China
1014,"Wuhan University,China","Wuhan,China",Wuhan,China
1015,Wuhan Universtity,Wuhan,Hubei,China
1016,Wuhan Universty,Wuhan,Hubei,China
1017,Wuhan University,Wuhan,Hubei,China
1018,Wuxi Big Bridge Academy,Wuxi,Jiangsu,China
1019,X1'An University Of Architecture And Technology,Xi'An,Shaanxi,China
1020,Xi'An University Of Finance And Economics,Xi'An,Shaanxi,China
1021,Xidian University,Xi'An,Shaanxi,China
1022,Xavier University,Cincinnati,Oh,Usa
1023,Xi'An Aeromautical Polytechnic Institute,Xi'An,Shaanxi,China
1024,Xi'An Eurasia University,Xi'An,Shaanxi,China
1025,Xi'An Jiaotong University,Xi'An,Shaanxi,China
1026,Xi'An Jiaotong-Liverpool University,Suzhou,Jiangsu,China
1027,Xi'An Shiyou University,Xi'An,Shannxi,China
1028,Xi'An University Of Architecture And Technology,Xi'An,Shanxi,China
1029,Xi'An University Of Architechture&Technology,Xi'An,Shaanxi,China
1030,Xi'An University Of Architecture And Technology,Xi'An,Shaanxi,China
1031,Xi'An University Of Architecture And Techonology,Xi'An,Shaanxi Province,China
1032,Xi'An University Of Finance & Economics,Xi'An,Shaanxi,China
1033,Xi'An University Of Finance And Economics,Xi'An,Shaanxi,China
1034,Xi'An University Of Posts And Telecommunications,Xi'An,Shaanxi,China
1035,Xi'An University Of Technology,Xi'An,Shaanxi,China
1036,Xi'An University Of Architecture And Technology,Xi'An,Shanxi,China
1037,Xi'An University Of Architecture & Technology,Xi'An,Shannxi,China
1038,Xiamen University,Xiamen,Fujian,China
1039,Xiamen University Of Technology,Xiamen,Fujian,China
1040,"Xiamen University,China",Xiamen,Fujian,China
1041,Xiangtan University,Xiangtan,Hunan,China
1042,Xidian University,Xi'An,Shaanxi,China
1043,Xihua University,Chengdu,Sichuan,China
1044,Xijing University,Xi'An,Shaanxi,China
1045,Xinjiang University,Urumchi,Xinjiang Autonomous Region,China
1046,Xinyang Normal University,Xinyang,Henan,China
1047,"Xitucheng 10Th Road, Haidian District.Beijing Univ. Of Posts And Telecomm. Beijing, Beijing 100876",Beijing,Beijing,China
1048,Xi’An University Of Architecture And Technology,Xi’An,Shaanxi,China
1049,Xi’An University Of Architecture And Technology,Xi’An,Shaanxi Province,China
1050,Xi’An University Of Finance & Economics,Xi'An,Shaanxi,China
1051,Xuhai College Of China University Of Mining And Technology,Xuzhou,Jiangsu,China
1052,Xuhai College Of China University Of Mining And Technology,Xuzhou,Jiangsu,China
1053,Xuzhou Institute Of Technology,Xuzhou,Jiangsu,China
1054,Yancheng Teachers University,Yancheng,Jiangsu,China
1055,Yangtze University,Jingzhou,Hubei,China
1056,Yangzhou University,Yangzhou,,China
1057,Yanshan University,Qinhuangdao,Hebei,China
1058,Yantai University,Yantai,Shandong,China
1059,Yichun University,Yichun,Jiangxi,China
1060,York University,Toronto,Ontario,Canada
1061,Youngstown State University,Youngstown,Oh,Usa
1062,Yunnan University,Kunming,Yunnan,China
1063,Yunnan Minzu University,Kunming,Yunnan,China
1064,Yunnan Normal University,Kunming,Yunnan Province,China
1065,Yunnan University,Kunming,Yunnan,China
1066,Zhejiang University,Shanghai,Shanghai,China
1067,Zuel,Wuhan,Hubei,China
1068,Zaozhuang University,Zaozhuang,Shandong Province,China
1069,Zhejiang University,Hangzhou,Zhejiang,China
1070,Zhejiang A&F University,Hangzhou,Zhejiang,China
1071,Zhejiang Chinese Medical University,Hangzhou,Zhejiang,China
1072,Zhejiang Gongshang University,Hangzhou,Zhejiang,China
1073,Zhejiang Industry & Trade Vocational College,Wenzhou,Zhejiang,China
1074,Zhejiang Normal University,Jinhua,Zhejiang,China
1075,Zhejiang Sci-Tech University,Hangzhou,Zhejiang Province,China
1076,Zhejiang University,Hangzhou,Zhejiang,China
1077,Zhejiang University City College,Hangzhou,Zhejiang,China
1078,Zhejiang University Of Finance And Economics,Hangzhou,Zhejiang,China
1079,Zhejiang University Of Science And Technology,Hangzhou,,China
1080,Zhejiang University Of Technology,Hangzhou,,China
1081,"Zhejiang University, China",Hangzhou,Zhejiang,China
1082,Zhejiang University,Hangzhou,Zhejiang Province,China
1083,Zhengzhou University,Zhengzhou,Henan,China
1084,Zhengzhou Information Engineering University,Zhengzhou,Henan,China
1085,Zhengzhou University,Zhengzhou,Henan,China
1086,Zhengzhou University Of Light Industry,Zhengzhou,Henan,China
1087,Zhengzhou University Of Light Industry,Zhengzhou City,Henan Province,China
1088,Zhengzhou University Of Light Institution,Zhengzhou,Henan,China
1089,Zhengzhou University,Zhengzhou,Henan,China
1090,Zhengzhouâ University,Zhengzhou,Henan,China
1091,Zhongkai University Of Agriculture And Engineering,Guangzhou,Guangdong,China
1092,Zhongnan University Of Economics And Laws,Wuhan,Hubei,China
1093,Zhongnan University Of Economics And Law,Wuhan,Hubei,China
1094,Chongqing University Of Posts And Telecommunications,Chongqing,Chongqing,China
1095,Concordia College Ny,Pleasantville,Ny,Usa
1096,East China University Of Political Science And Law,Shanghai,Shanghai,China
1097,Henan Normal University,Xinxiang,Henan,China
1098,Mathematics,Tianjin,Tianjin,China
1099,Mathematics And Systems Science Institute,Beijing,Beijing,China
1100,Minzu Univercity Of China,Beijing,Beijing,China
1101,Minzu Univercity Of China,Beijing,Asia,China
1102,Nanjing University Of Finance&Economics,Nanjing,Jiangsu,China
1103,Nankai University,Tianjin,,China
1104,Professor,Beijing,Hubei,China
1105,"School Of Architecture Civil Engineering, Nantong University",Nantong,Jiangsu,China
1106,School Of Mathematics,Shanghai,Shanghai,China
1107,Shaanxi University Of Technology,Han Zhong,Shaanxi,China
1108,Shandong University Of Science And Technology,Qingdao,P.R.China,China
1109,Shanghai,Shanghai,Shanghai,China
1110,Shanghai Normal University,Shanghai,China,China
1111,Shenyang University Of Technology,Shenyang,Liaoning,China
1112,Shenyang Jianzhu University,Shenyang,Liaoning,China
1113,Shenyang Pharmaceutical University,Shenyang,Liaoning,China
1114,Shenyang University Of Technology,Shenyang,Liaoning,China
1115,Shenyangjianzhu University,Shenyang,Liaoning,China
1116,Shenzhen Unviersity,Shenzhen,Guandong,China
1117,Southwest University Of Science And Technology,Mianyang,Sichuan,China
1118,The Capital Normal University,Beijing,Asia,China
1119,The Central University Of Finance And Economics,Beijing,Beijing,China
1120,The University Of International Business And Economics,Beijing,Beijing,China
1121,The City College Of Jilin Jianzhu University,Changchun City,Jilin,China
1122,Tongji University,Shanghai,Shanghai,China
1123,Undergraduate,Hangzhou,Zhejiang,China
1124,University,Beijing,Minhang,China
1125,University Of International Business And Economics,Beijing,Beijing,China
1126,University Of International Business And Economics,Beijing China,Beijing,China
1127,Wuhan University,Wuhan,,China
1128,Zhongnan University Of Economics And Law,Wuhan,Hubei,China
